<?xml version="1.0" encoding="utf-8" ?><dwsync><file name="a17.png" server="web-huertas.com/public_html/work/programs/ScienceTapApp/" local="3487698590" remote="318763443880742172" Dst="-1" /><file name="back.png" server="web-huertas.com/public_html/work/programs/ScienceTapApp/" local="3441298752" remote="318763443880742172" Dst="-1" /><file name="bg-black.png" server="web-huertas.com/public_html/work/programs/ScienceTapApp/" local="3441298752" remote="318763443880742172" Dst="-1" /><file name="bg-hover.png" server="web-huertas.com/public_html/work/programs/ScienceTapApp/" local="3441298752" remote="318763443880742172" Dst="-1" /><file name="button-tray-down.png" server="web-huertas.com/public_html/work/programs/ScienceTapApp/" local="3441298752" remote="318763443880742172" Dst="-1" /><file name="button-tray-up.png" server="web-huertas.com/public_html/work/programs/ScienceTapApp/" local="3441298752" remote="318763443880742172" Dst="-1" /><file name="forward.png" server="web-huertas.com/public_html/work/programs/ScienceTapApp/" local="3441298752" remote="318763443880742172" Dst="-1" /><file name="indicatorsSVGFallback.gif" server="web-huertas.com/public_html/work/programs/ScienceTapApp/" local="3483290530" remote="318763443880742172" Dst="-1" /><file name="nav-bg.png" server="web-huertas.com/public_html/work/programs/ScienceTapApp/" local="3441298752" remote="318763443880742172" Dst="-1" /><file name="nav-dot.png" server="web-huertas.com/public_html/work/programs/ScienceTapApp/" local="3441298752" remote="318763443880742172" Dst="-1" /><file name="pause.png" server="web-huertas.com/public_html/work/programs/ScienceTapApp/" local="3487773380" remote="318763443880742172" Dst="-1" /><file name="play.png" server="web-huertas.com/public_html/work/programs/ScienceTapApp/" local="3487777363" remote="318763443880742172" Dst="-1" /><file name="progress-back.png" server="web-huertas.com/public_html/work/programs/ScienceTapApp/" local="3441298752" remote="318763443880742172" Dst="-1" /><file name="progress-bar.png" server="web-huertas.com/public_html/work/programs/ScienceTapApp/" local="3441298752" remote="318763443880742172" Dst="-1" /><file name="progress.gif" server="web-huertas.com/public_html/work/programs/ScienceTapApp/" local="3441298752" remote="318763443880742172" Dst="-1" /><file name="supersized-logo.png" server="web-huertas.com/public_html/work/programs/ScienceTapApp/" local="3441298752" remote="318763443880742172" Dst="-1" /><file name="thumb-back.png" server="web-huertas.com/public_html/work/programs/ScienceTapApp/" local="3441298752" remote="318763443880742172" Dst="-1" /><file name="thumb-forward.png" server="web-huertas.com/public_html/work/programs/ScienceTapApp/" local="3441298752" remote="318763443880742172" Dst="-1" /><file name=".DS_Store" server="web-huertas.com/public_html/work/programs/ScienceTapApp/" local="3488239097" remote="318763443881350512" Dst="-1" /></dwsync>