<?xml version="1.0" encoding="utf-8" ?><dwsync><file name="index.css" server="web-huertas.com/public_html/work/programs/StormWaterApp/" local="3483661734" remote="318763443877138392" Dst="-1" /><file name="jquery.mobile-1.4.2.css" server="web-huertas.com/public_html/work/programs/StormWaterApp/" local="3483640301" remote="318763443877138392" Dst="-1" /><file name=".DS_Store" server="web-huertas.com/public_html/work/programs/StormWaterApp/" local="3481816903" remote="318763443874720692" Dst="-1" /><file name=".DS_Store" server="web-huertas.com/public_html/work/programs/ScienceTapApp/" local="3488239097" remote="318763443881350512" Dst="-1" /><file name="index.css" server="web-huertas.com/public_html/work/programs/ScienceTapApp/" local="3490098395" remote="318763443886435512" Dst="-1" /><file name="jquery.mobile-1.4.2.css" server="web-huertas.com/public_html/work/programs/ScienceTapApp/" local="3488238561" remote="318763443881350512" Dst="-1" /><file name="mapStyle.css" server="web-huertas.com/public_html/work/programs/ScienceTapApp/" local="3490009616" remote="318763443886561752" Dst="-1" /><file name="owl.theme.css" server="web-huertas.com/public_html/work/programs/ScienceTapApp/" local="3489944644" remote="318763443886561752" Dst="-1" /><file name="owl.carousel.css" server="web-huertas.com/public_html/work/programs/ScienceTapApp/" local="3487769411" remote="318763443880742172" Dst="-1" /><file name="owl.transitions.css" server="web-huertas.com/public_html/work/programs/ScienceTapApp/" local="3480363206" remote="318763443880742172" Dst="-1" /></dwsync>