<?xml version="1.0" encoding="utf-8" ?><dwsync><file name="CurrentPosition.png" server="web-huertas.com/public_html/work/programs/ScienceTapApp/" local="3486585770" remote="318763443879444252" Dst="-1" /><file name=".DS_Store" server="web-huertas.com/public_html/work/programs/ScienceTapApp/" local="3488239097" remote="318763443881350512" Dst="-1" /><file name="SelectIcon.png" server="web-huertas.com/public_html/work/programs/ScienceTapApp/" local="3486585770" remote="318763443879350352" Dst="-1" /><file name="CurrentPosition.psd" server="web-huertas.com/public_html/work/programs/ScienceTapApp/" local="3486585770" remote="318763443879394932" Dst="-1" /><file name="MarkerMap.png" server="web-huertas.com/public_html/work/programs/ScienceTapApp/" local="3486585770" remote="318763443879444252" Dst="-1" /><file name="addSites.png" server="web-huertas.com/public_html/work/programs/ScienceTapApp/" local="3486585771" remote="318763443879394932" Dst="-1" /><file name="copyFile.png" server="web-huertas.com/public_html/work/programs/ScienceTapApp/" local="3486585771" remote="318763443878773512" Dst="-1" /><file name="download.png" server="web-huertas.com/public_html/work/programs/ScienceTapApp/" local="3486585771" remote="318763443878773512" Dst="-1" /><file name="plus.png" server="web-huertas.com/public_html/work/programs/ScienceTapApp/" local="3486585771" remote="318763443879394932" Dst="-1" /><file name="plus_gray.png" server="web-huertas.com/public_html/work/programs/ScienceTapApp/" local="3486585771" remote="318763443878780652" Dst="-1" /><file name="file.png" server="web-huertas.com/public_html/work/programs/ScienceTapApp/" local="3486585771" remote="318763443878773512" Dst="-1" /><file name="teamGoogle.png" server="web-huertas.com/public_html/work/programs/ScienceTapApp/" local="3486585772" remote="318763443879394932" Dst="-1" /><file name="upload.png" server="web-huertas.com/public_html/work/programs/ScienceTapApp/" local="3486585772" remote="318763443879394932" Dst="-1" /><file name="user.png" server="web-huertas.com/public_html/work/programs/ScienceTapApp/" local="3486585772" remote="318763443878773512" Dst="-1" /><file name="ListFormWhite.png" server="web-huertas.com/public_html/work/programs/ScienceTapApp/" local="3487943629" remote="318763443881097252" Dst="-1" /><file name="addFormList.png" server="web-huertas.com/public_html/work/programs/ScienceTapApp/" local="3487943847" remote="318763443881097252" Dst="-1" /><file name="updateForm.png" server="web-huertas.com/public_html/work/programs/ScienceTapApp/" local="3487943919" remote="318763443881097252" Dst="-1" /><file name="EditFormBlack.png" server="web-huertas.com/public_html/work/programs/ScienceTapApp/" local="3488283557" remote="318763443881350512" Dst="-1" /><file name="ListForm.png" server="web-huertas.com/public_html/work/programs/ScienceTapApp/" local="3487943448" remote="318763443881350512" Dst="-1" /><file name="Excel_Icon.png" server="web-huertas.com/public_html/work/programs/ScienceTapApp/" local="3489837084" remote="318763443886561752" Dst="-1" /><file name="Excel_Icon2.png" server="web-huertas.com/public_html/work/programs/ScienceTapApp/" local="3489837874" remote="318763443886561752" Dst="-1" /></dwsync>