<?xml version="1.0" encoding="utf-8" ?><dwsync><file name=".DS_Store" server="web-huertas.com/public_html/work/programs/ScienceTapApp/" local="3488287216" remote="318763443881350512" Dst="-1" /><file name="BackWhite.png" server="web-huertas.com/public_html/work/programs/ScienceTapApp/" local="3486585768" remote="318763443878773512" Dst="-1" /><file name="CameraIOS.png" server="web-huertas.com/public_html/work/programs/ScienceTapApp/" local="3486585768" remote="318763443879394932" Dst="-1" /><file name="Back.png" server="web-huertas.com/public_html/work/programs/ScienceTapApp/" local="3486585769" remote="318763443878773512" Dst="-1" /><file name="Fordward.png" server="web-huertas.com/public_html/work/programs/ScienceTapApp/" local="3486585768" remote="318763443879394932" Dst="-1" /><file name="FordwardBlack.png" server="web-huertas.com/public_html/work/programs/ScienceTapApp/" local="3486585768" remote="318763443878773512" Dst="-1" /><file name="GaleryIcon.png" server="web-huertas.com/public_html/work/programs/ScienceTapApp/" local="3486585769" remote="318763443878773512" Dst="-1" /><file name="GalleryIcon2.png" server="web-huertas.com/public_html/work/programs/ScienceTapApp/" local="3486585769" remote="318763443879458352" Dst="-1" /><file name="FordwardWhite.png" server="web-huertas.com/public_html/work/programs/ScienceTapApp/" local="3486585769" remote="318763443879394932" Dst="-1" /><file name="MapIcon.png" server="web-huertas.com/public_html/work/programs/ScienceTapApp/" local="3486585773" remote="318763443878773512" Dst="-1" /><file name="MemberIcon.png" server="web-huertas.com/public_html/work/programs/ScienceTapApp/" local="3486585773" remote="318763443878773512" Dst="-1" /><file name="NoImage.jpeg" server="web-huertas.com/public_html/work/programs/ScienceTapApp/" local="3486585773" remote="318763443879394932" Dst="-1" /><file name="RegisterIcon.png" server="web-huertas.com/public_html/work/programs/ScienceTapApp/" local="3486585774" remote="318763443878773512" Dst="-1" /><file name="Search.png" server="web-huertas.com/public_html/work/programs/ScienceTapApp/" local="3486585775" remote="318763443878773512" Dst="-1" /><file name="TakePicture.png" server="web-huertas.com/public_html/work/programs/ScienceTapApp/" local="3486585775" remote="318763443879394932" Dst="-1" /><file name="addDataIOS.png" server="web-huertas.com/public_html/work/programs/ScienceTapApp/" local="3486585776" remote="318763443879458352" Dst="-1" /><file name="TeamIcon.png" server="web-huertas.com/public_html/work/programs/ScienceTapApp/" local="3486585776" remote="318763443879394932" Dst="-1" /><file name="addData.png" server="web-huertas.com/public_html/work/programs/ScienceTapApp/" local="3486585776" remote="318763443879394932" Dst="-1" /><file name="addGroup.png" server="web-huertas.com/public_html/work/programs/ScienceTapApp/" local="3486585776" remote="318763443879394932" Dst="-1" /><file name="addMember.png" server="web-huertas.com/public_html/work/programs/ScienceTapApp/" local="3486585776" remote="318763443878773512" Dst="-1" /><file name="addMemberBlack.png" server="web-huertas.com/public_html/work/programs/ScienceTapApp/" local="3486585776" remote="318763443879394932" Dst="-1" /><file name="addMemberTeamIcon.png" server="web-huertas.com/public_html/work/programs/ScienceTapApp/" local="3486585777" remote="318763443878773512" Dst="-1" /><file name="addMemberWhite.png" server="web-huertas.com/public_html/work/programs/ScienceTapApp/" local="3486585777" remote="318763443879394932" Dst="-1" /><file name="addMember_black.png" server="web-huertas.com/public_html/work/programs/ScienceTapApp/" local="3486585777" remote="318763443878773512" Dst="-1" /><file name="barsIcon.png" server="web-huertas.com/public_html/work/programs/ScienceTapApp/" local="3486585778" remote="318763443878773512" Dst="-1" /><file name="adminIcon.png" server="web-huertas.com/public_html/work/programs/ScienceTapApp/" local="3486585778" remote="318763443879394932" Dst="-1" /><file name="buttonLogo.png" server="web-huertas.com/public_html/work/programs/ScienceTapApp/" local="3486585778" remote="318763443878773512" Dst="-1" /><file name="cameraIcon.png" server="web-huertas.com/public_html/work/programs/ScienceTapApp/" local="3486585778" remote="318763443879394932" Dst="-1" /><file name="cameraIcon2.png" server="web-huertas.com/public_html/work/programs/ScienceTapApp/" local="3486585778" remote="318763443879394932" Dst="-1" /><file name="data.png" server="web-huertas.com/public_html/work/programs/ScienceTapApp/" local="3486585779" remote="318763443879394932" Dst="-1" /><file name="close.png" server="web-huertas.com/public_html/work/programs/ScienceTapApp/" local="3486585779" remote="318763443879394932" Dst="-1" /><file name="emailIcon.png" server="web-huertas.com/public_html/work/programs/ScienceTapApp/" local="3486585779" remote="318763443878773512" Dst="-1" /><file name="juan.png" server="web-huertas.com/public_html/work/programs/ScienceTapApp/" local="3486585780" remote="318763443878773512" Dst="-1" /><file name="listData.png" server="web-huertas.com/public_html/work/programs/ScienceTapApp/" local="3486585781" remote="318763443878773512" Dst="-1" /><file name="loginIcon.png" server="web-huertas.com/public_html/work/programs/ScienceTapApp/" local="3486585781" remote="318763443878773512" Dst="-1" /><file name="loginIcon.psd" server="web-huertas.com/public_html/work/programs/ScienceTapApp/" local="3486585781" remote="318763443878773512" Dst="-1" /><file name="logoScienceTap.png" server="web-huertas.com/public_html/work/programs/ScienceTapApp/" local="3487803940" remote="318763443880742172" Dst="-1" /><file name="logoutIcon.png" server="web-huertas.com/public_html/work/programs/ScienceTapApp/" local="3486585782" remote="318763443878773512" Dst="-1" /><file name="members_icon.png" server="web-huertas.com/public_html/work/programs/ScienceTapApp/" local="3486585782" remote="318763443879394932" Dst="-1" /><file name="question_mark.png" server="web-huertas.com/public_html/work/programs/ScienceTapApp/" local="3486585782" remote="318763443879459732" Dst="-1" /><file name="logoScienceTap.psd" server="web-huertas.com/public_html/work/programs/ScienceTapApp/" local="3486585782" remote="318763443878773512" Dst="-1" /><file name="searchIcon.png" server="web-huertas.com/public_html/work/programs/ScienceTapApp/" local="3486585782" remote="318763443879394932" Dst="-1" /><file name="trash.png" server="web-huertas.com/public_html/work/programs/ScienceTapApp/" local="3486585783" remote="318763443878773512" Dst="-1" /><file name="searchIconWhite.png" server="web-huertas.com/public_html/work/programs/ScienceTapApp/" local="3486585783" remote="318763443879394932" Dst="-1" /><file name="QuestionMark.png" server="web-huertas.com/public_html/work/programs/ScienceTapApp/" local="3486590675" remote="318763443879483612" Dst="-1" /><file name="AjaxLoader.gif" server="web-huertas.com/public_html/work/programs/ScienceTapApp/" local="3480363206" remote="318763443880742172" Dst="-1" /><file name="closeText.gif" server="web-huertas.com/public_html/work/programs/ScienceTapApp/" local="3487708662" remote="318763443880742172" Dst="-1" /><file name="compassIcon.png" server="web-huertas.com/public_html/work/programs/ScienceTapApp/" local="3487074777" remote="318763443880742172" Dst="-1" /><file name="DocumentIcon.png" server="web-huertas.com/public_html/work/programs/ScienceTapApp/" local="3487069778" remote="318763443880742172" Dst="-1" /><file name="EditIcon.png" server="web-huertas.com/public_html/work/programs/ScienceTapApp/" local="3487161959" remote="318763443880742172" Dst="-1" /><file name="EyeIcon.png" server="web-huertas.com/public_html/work/programs/ScienceTapApp/" local="3487162298" remote="318763443880742172" Dst="-1" /><file name="grabbing.png" server="web-huertas.com/public_html/work/programs/ScienceTapApp/" local="3480363206" remote="318763443880742172" Dst="-1" /><file name="nav-bg.png" server="web-huertas.com/public_html/work/programs/ScienceTapApp/" local="3441298752" remote="318763443880742172" Dst="-1" /><file name="stopIcon.png" server="web-huertas.com/public_html/work/programs/ScienceTapApp/" local="3487075600" remote="318763443880742172" Dst="-1" /><file name="logo3d.png" server="web-huertas.com/public_html/work/programs/ScienceTapApp/" local="3487891489" remote="318763443880784592" Dst="-1" /><file name="viewForm.png" server="web-huertas.com/public_html/work/programs/ScienceTapApp/" local="3488213989" remote="318763443881106912" Dst="-1" /><file name="EditFormBlack.png" server="web-huertas.com/public_html/work/programs/ScienceTapApp/" local="3488287751" remote="318763443881350512" Dst="-1" /><file name="addDataBlack.png" server="web-huertas.com/public_html/work/programs/ScienceTapApp/" local="3489959528" remote="318763443886561752" Dst="-1" /><file name="addDataBlue.png" server="web-huertas.com/public_html/work/programs/ScienceTapApp/" local="3489959911" remote="318763443886561752" Dst="-1" /><file name="admin_Icon_Blue.png" server="web-huertas.com/public_html/work/programs/ScienceTapApp/" local="3489961189" remote="318763443886561752" Dst="-1" /><file name="Home_Icon.png" server="web-huertas.com/public_html/work/programs/ScienceTapApp/" local="3490085180" remote="318763443886561752" Dst="-1" /><file name="ListFormBlue.png" server="web-huertas.com/public_html/work/programs/ScienceTapApp/" local="3489960562" remote="318763443886561812" Dst="-1" /><file name="logoutIconBlue.png" server="web-huertas.com/public_html/work/programs/ScienceTapApp/" local="3489960462" remote="318763443886561812" Dst="-1" /><file name="MapIconBlue.png" server="web-huertas.com/public_html/work/programs/ScienceTapApp/" local="3489960219" remote="318763443886561812" Dst="-1" /><file name="members_iconBlue.png" server="web-huertas.com/public_html/work/programs/ScienceTapApp/" local="3489960286" remote="318763443886561812" Dst="-1" /><file name="Projects.png" server="web-huertas.com/public_html/work/programs/ScienceTapApp/" local="3490003824" remote="318763443886561812" Dst="-1" /><file name="ProjectsWhite.png" server="web-huertas.com/public_html/work/programs/ScienceTapApp/" local="3490014302" remote="318763443886561812" Dst="-1" /><file name="site2.png" server="web-huertas.com/public_html/work/programs/ScienceTapApp/" local="3490114484" remote="318763443886561812" Dst="-1" /></dwsync>